id,input,actualOutput,expectedOutput,context,retrievalContext,expectedTools,toolsCalled,sourceFile,additionalMetadata,comments
cmgcvdr9z0dsdln0gaoz27kuy,"How does linear regression utilize mathematical criteria to fit data, and what are its extensions?",,"Linear regression utilizes mathematical criteria, specifically ordinary least squares, to fit data by drawing a single line that minimizes the sum of the squared differences between the predicted and actual values. Extensions of linear regression include regularization methods like ridge regression, which help mitigate overfitting and bias. Additionally, for non-linear problems, models such as polynomial regression, logistic regression, and kernel regression are employed to better capture the relationships in the data.","[""Its most common form is linear regression, where a single line is drawn to best fit the given data according to a mathematical criterion such as ordinary least squares. The latter is often extended by regularisation methods to mitigate overfitting and bias, as in ridge regression. When dealing with non-linear problems, go-to models include polynomial regression (for example, used for trendline fitting in Microsoft Excel), logistic regression (often used in statistical classification) or even kernel regression, which introduces non-linearity by taking advantage of the kernel trick to implicitly map input variables to higher-dimensional space."",""The sum of the products of the weights and the inputs is calculated at each node. The mean squared errors between these calculated outputs and the given target values are minimized by creating an adjustment to the weights. This technique has been known for over two centuries as the method of least squares or linear regression."",""In the mathematical model, each training example is represented by an array or vector, sometimes called a feature vector, and the training data is represented by a matrix. Through iterative optimisation of an objective function, supervised learning algorithms learn a function that can be used to predict the output associated with new inputs. An optimal function allows the algorithm to correctly determine the output for inputs that were not a part of the training data."",""A commonly used cost is the mean-squared error, which tries to minimize the average squared error between the network's output and the desired output. Tasks suited for supervised learning are pattern recognition (also known as classification) and regression (also known as function approximation). Supervised learning is also applicable to sequential data (e."",""g. , for handwriting, speech and gesture recognition).""]",,,,,"{""evolutions"":[""Reasoning""],""synthetic_input_quality"":1}",
cmgcvdr9z0dseln0gsk5vz26i,"How do learning algorithms influence model selection, considering trade-offs and optimization in training?",,"Learning algorithms significantly influence model selection by determining how well a model can be trained to minimize errors in predictions. The trade-offs between different algorithms, such as complexity and learning speed, affect the choice of the model. For instance, overly complex models may learn slowly, while simpler models might generalize better. Additionally, the optimization process, which involves minimizing a loss function, is crucial in training; the effectiveness of an algorithm in this context can dictate the model's performance. Ultimately, selecting the best model involves balancing these trade-offs and understanding the specific characteristics of the learning algorithm in relation to the data set.","[""Overly complex models learn slowly. Learning algorithm: Numerous trade-offs exist between learning algorithms. Almost any algorithm will work well with the correct hyperparameters for training on a particular data set."",""During training, a learning algorithm iteratively adjusts the model's internal parameters to minimise errors in its predictions. By extension, the term \""model\"" can refer to several levels of specificity, from a general class of models and their associated learning algorithms to a fully trained model with all its internal parameters tuned. Various types of models have been used and researched for machine learning systems, picking the best model for a task is called model selection."",""Learning attempts to reduce the total of the differences across the observations. Most learning models can be viewed as a straightforward application of optimization theory and statistical estimation. The learning rate defines the size of the corrective steps that the model takes to adjust for errors in each observation."",""Machine learning also has intimate ties to optimisation: Many learning problems are formulated as minimisation of some loss function on a training set of examples. Loss functions express the discrepancy between the predictions of the model being trained and the actual problem instances (for example, in classification, one wants to assign a label to instances, and models are trained to correctly predict the preassigned labels of a set of examples). Characterizing the generalisation of various learning algorithms is an active topic of current research, especially for deep learning algorithms.""]",,,,,"{""evolutions"":[""Reasoning""],""synthetic_input_quality"":0.8}",
cmgcvdr9z0dsfln0gq6ges0nv,How do multiple hidden layers in a deep neural network enhance its ability to solve complex AI problems?,,"Multiple hidden layers in a deep neural network enhance its ability to solve complex AI problems by allowing the network to learn hierarchical representations of data. Each layer can capture different levels of abstraction, enabling the model to identify intricate patterns and relationships within the data. This depth facilitates the approximation of nonlinear functions, making the network more effective in tasks such as predictive modeling, facial recognition, and generative AI.","[""The second network learns by gradient descent to predict the reactions of the environment to these patterns. Excellent image quality is achieved by Nvidia's StyleGAN (2018) based on the Progressive GAN by Tero Karras et al. Here, the GAN generator is grown from small to large scale in a pyramidal fashion."",""A network is trained by modifying these weights through empirical risk minimization or backpropagation in order to fit some preexisting dataset. The term deep neural network refers to neural networks that have more than three layers, typically including at least two hidden layers in addition to the input and output layers. Neural networks are used to solve problems in artificial intelligence, and have thereby found applications in many disciplines, including predictive modeling, adaptive control, facial recognition, handwriting recognition, general game playing, and generative AI."",""A network is typically called a deep neural network if it has at least two hidden layers. Artificial neural networks are used for various tasks, including predictive modeling, adaptive control, and solving problems in artificial intelligence. They can learn from experience, and can derive conclusions from a complex and seemingly unrelated set of information."",""In machine learning, an artificial neural network is a mathematical model used to approximate nonlinear functions. Artificial neural networks are used to solve artificial intelligence problems. In the context of biology, a neural network is a population of biological neurons chemically connected to each other by synapses.""]",,,,,"{""evolutions"":[""Reasoning""],""synthetic_input_quality"":1}",
cmgcvdr9z0dsgln0gq19xheal,How do advancements in technology and knowledge shape the evolving focus of neuroscience research topics?,,"Advancements in technology and knowledge significantly shape the focus of neuroscience research topics by enabling more sophisticated methods of investigation. Improvements in areas such as electron microscopy, neuroimaging techniques (e.g., fMRI, PET), and genetics allow researchers to explore complex questions about behavior and cognition. As these technologies evolve, they facilitate deeper insights into learning, memory, emotion, and the biological bases of behavior, leading to a dynamic shift in research priorities within the field.","[""The specific topics that form the main focus of research change over time, driven by an ever-expanding base of knowledge and the availability of increasingly sophisticated technical methods. Improvements in technology have been the primary drivers of progress. Developments in electron microscopy, computer science, electronics, functional neuroimaging, and genetics and genomics have all been major drivers of progress."",""Important topics of consideration for neuroscientific research in behavior include learning and memory, sensory processes, motivation and emotion, as well as genetic and molecular substrates concerning the biological bases of behavior. Subdivisions of behavioral neuroscience include the field of cognitive neuroscience, which emphasizes the biological processes underlying human cognition. Behavioral and cognitive neuroscience are both concerned with the neuronal and biological bases of psychology, with a particular emphasis on either cognition or behavior depending on the field."",""Cognitive neuroscience addresses the questions of how psychological functions are produced by neural circuitry. The emergence of powerful new measurement techniques such as neuroimaging (e. g."","", fMRI, PET, SPECT), EEG, MEG, electrophysiology, optogenetics and human genetic analysis combined with sophisticated experimental techniques from cognitive psychology allows neuroscientists and psychologists to address abstract questions such as how cognition and emotion are mapped to specific neural substrates. Although many studies hold a reductionist stance looking for the neurobiological basis of cognitive phenomena, recent research shows that there is an interplay between neuroscientific findings and conceptual research, soliciting and integrating both perspectives. Behavioral neuroscientists conduct research on various cognitive processes through the use of different neuroimaging techniques."",""Examples of cognitive research might involve examination of neural correlates during emotional information processing, such as one study that analyzed the relationship between subjective affect and neural reactivity during sustained processing of positive (savoring) and negative (rumination) emotion. The aim of the study was to analyze whether repetitive positive thinking (seen as being beneficial) and repetitive negative thinking (significantly related to worse mental health) would have similar underlying neural mechanisms.""]",,,,,"{""evolutions"":[""Reasoning""],""synthetic_input_quality"":0.7}",
cmgcvdr9z0dshln0govjidhoi,How do the structural and functional distinctions between biological and artificial neural networks influence their learning capabilities?,,"The structural and functional distinctions between biological and artificial neural networks significantly influence their learning capabilities. Biological neural networks consist of interconnected nerve cells that communicate through synapses, allowing for complex processing and adaptability. In contrast, artificial neural networks are mathematical models that approximate nonlinear functions, primarily implemented in software. While biological networks exhibit a high degree of flexibility and learning through experience, artificial networks benefit from advancements in algorithms and explainability methods, such as attention mechanisms, which enhance their interpretability and performance. Overall, the inherent complexity of biological networks provides a richer learning environment, while artificial networks leverage structured algorithms for specific tasks.","[""Although it is true that analyzing what has been learned by an artificial neural network is difficult, it is much easier to do so than to analyze what has been learned by a biological neural network. Moreover, recent emphasis on the explainability of AI has contributed towards the development of methods, notably those based on attention mechanisms, for visualizing and explaining learned neural networks. Furthermore, researchers involved in exploring learning algorithms for neural networks are gradually uncovering generic principles that allow a learning machine to be successful."",""In neuroscience, a biological neural network is a physical structure found in brains and complex nervous systems - a population of nerve cells connected by synapses. In machine learning, an artificial neural network is a mathematical model used to approximate nonlinear functions. Artificial neural networks are used to solve artificial intelligence problems."",""In machine learning, a neural network (also artificial neural network or neural net, abbreviated ANN or NN) is a computational model inspired by the structure and functions of biological neural networks. A neural network consists of connected units or nodes called artificial neurons, which loosely model the neurons in the brain. Artificial neuron models that mimic biological neurons more closely have also been recently investigated and shown to significantly improve performance."",""In machine learning, a neural network is an artificial mathematical model used to approximate nonlinear functions. While early artificial neural networks were physical machines, today they are almost always implemented in software. The \""signal\"" input to each neuron is a number, specifically a linear combination of the outputs of the connected neurons in the previous layer.""]",,,,,"{""evolutions"":[""Reasoning""],""synthetic_input_quality"":1}",
cmgcvdr9z0dsiln0ge80kt86q,"How does overfitting manifest in machine learning, and what strategies mitigate its impact on generalization?",,"Overfitting in machine learning manifests when a model becomes overly complex, fitting the training data too closely and failing to generalize to unseen data. This can occur when the model's capacity exceeds the necessary parameters for the task, leading to poor performance on new examples. 

To mitigate its impact on generalization, two primary strategies can be employed: 

1. **Cross-validation**: This technique helps identify over-training and select hyperparameters that minimize generalization error.
2. **Regularization**: This involves penalizing model complexity, often through Bayesian methods that favor simpler models, or by balancing empirical risk (error on training data) with structural risk (predicted error on unseen data). 

These approaches help ensure that the model maintains a suitable complexity that aligns with the underlying data function.","[""Instead, probabilistic bounds on the performance are quite common. The bias-variance decomposition is one way to quantify generalisation error. For the best performance in the context of generalisation, the complexity of the hypothesis should match the complexity of the function underlying the data."",""The first is to use cross-validation and similar techniques to check for the presence of over-training and to select hyperparameters to minimize the generalization error. The second is to use some form of regularization. This concept emerges in a probabilistic (Bayesian) framework, where regularization can be performed by selecting a larger prior probability over simpler models; but also in statistical learning theory, where the goal is to minimize over two quantities: the 'empirical risk' and the 'structural risk', which roughly corresponds to the error over the training set and the predicted error in unseen data due to overfitting."",""Settling on a bad, overly complex theory gerrymandered to fit all the past training data is known as overfitting. Many systems attempt to reduce overfitting by rewarding a theory in accordance with how well it fits the data but penalising the theory in accordance with how complex the theory is. Learners can also disappoint by \""learning the wrong lesson\""."",""Applications whose goal is to create a system that generalizes well to unseen examples, face the possibility of over-training. This arises in convoluted or over-specified systems when the network capacity significantly exceeds the needed free parameters. Two approaches address over-training.""]",,,,,"{""evolutions"":[""Reasoning""],""synthetic_input_quality"":1}",
cmgcvdr9z0dsjln0ggcnycmre,How do the structural and functional distinctions between biological and artificial neural networks influence their learning processes?,,"The structural and functional distinctions between biological and artificial neural networks significantly influence their learning processes. Biological neural networks consist of interconnected nerve cells that communicate through synapses, allowing for complex, adaptive learning based on experience. In contrast, artificial neural networks (ANNs) are mathematical models that approximate nonlinear functions, primarily implemented in software. 

The learning in biological networks is often more dynamic and influenced by a variety of factors, including neurotransmitter activity and plasticity. In ANNs, learning is driven by algorithms that adjust the weights of connections based on input data, following principles such as local vs. non-local learning and shallow vs. deep architecture. These differences lead to varying capabilities in learning efficiency and adaptability, with ANNs benefiting from structured training processes that can be systematically analyzed and optimized.","[""Analyzing what has been learned by an ANN is much easier than analyzing what has been learned by a biological neural network. Furthermore, researchers involved in exploring learning algorithms for neural networks are gradually uncovering general principles that allow a learning machine to be successful. For example, local vs."",""non-local learning and shallow vs. deep architecture. There are two main types of neural networks."",""In neuroscience, a biological neural network is a physical structure found in brains and complex nervous systems - a population of nerve cells connected by synapses. In machine learning, an artificial neural network is a mathematical model used to approximate nonlinear functions. In machine learning, a neural network (also artificial neural network or neural net, abbreviated ANN or NN) is a computational model inspired by the structure and functions of biological neural networks."",""A neural network consists of connected units or nodes called artificial neurons, which loosely model the neurons in the brain. Artificial neuron models that mimic biological neurons more closely have also been recently investigated and shown to significantly improve performance. In machine learning, a neural network is an artificial mathematical model used to approximate nonlinear functions."",""While early artificial neural networks were physical machines, today they are almost always implemented in software. The \""signal\"" input to each neuron is a number, specifically a linear combination of the outputs of the connected neurons in the previous layer.""]",,,,,"{""evolutions"":[""Reasoning""],""synthetic_input_quality"":1}",
cmgcvdr9z0dskln0gwshedit8,How does Synapto-pHluorin's fluorescence change relate to synaptic activity and neuronal communication in neuroscience?,,"Synapto-pHluorin's fluorescence change is directly related to synaptic activity and neuronal communication. When synaptic vesicles release neurotransmitters into the synaptic cleft, the pH-sensitive fluorescent protein in the fusion protein is exposed to the higher pH environment, resulting in a measurable increase in fluorescence. This change serves as an indicator of synaptic vesicle release, allowing researchers to monitor neuronal communication in real time and gain insights into the mechanisms of synaptic transmission.","[""Synapto-pHluorin is a technique that relies on a fusion protein that combines a synaptic vesicle membrane protein and a pH sensitive fluorescent protein. Upon synaptic vesicle release, the chimeric protein is exposed to the higher pH of the synaptic cleft, causing a measurable change in fluorescence. Single-unit recording - A method whereby an electrode is introduced into the brain of a living animal to detect electrical activity that is generated by the neurons adjacent to the electrode tip."",""Advances in the classification of brain cells have been enabled by electrophysiological recording, single-cell genetic sequencing, and high-quality microscopy, which have combined into a single method pipeline called patch-sequencing in which all three methods are simultaneously applied using miniature tools. The efficiency of this method and the large amounts of data that is generated has allowed researchers to make some general conclusions about cell types; for example that the human and mouse brain have different versions of fundamentally the same cell types. Basic questions addressed in molecular neuroscience include the mechanisms by which neurons express and respond to molecular signals and how axons form complex connectivity patterns."",""Measuring the magnetic fields created by the electric current flowing within the neurons identifies brain activity associated with various human functions in real time, with millimeter spatial accuracy. Clinicians can noninvasively obtain data to help them assess neurological disorders and plan surgical treatments. QTL mapping - The influence of a gene in some behavior can be statistically inferred by studying inbred strains of some species, most commonly mice."",""Despite many advancements, the way that networks of neurons perform complex cognitive processes and behaviors is still poorly understood. Cognitive neuroscience addresses the questions of how psychological functions are produced by neural circuitry. The emergence of powerful new measurement techniques such as neuroimaging (e."",""g. , fMRI, PET, SPECT), EEG, MEG, electrophysiology, optogenetics and human genetic analysis combined with sophisticated experimental techniques from cognitive psychology allows neuroscientists and psychologists to address abstract questions such as how cognition and emotion are mapped to specific neural substrates.""]",,,,,"{""evolutions"":[""Reasoning""],""synthetic_input_quality"":1}",
cmgcvdr9y0ds6ln0gkno79yje,How does empirical risk minimization optimize neural network parameters to enhance predictive accuracy?,,"Empirical risk minimization optimizes neural network parameters by minimizing the difference between predicted outputs and actual target values in a dataset. This process involves adjusting the weights of the connections between neurons, typically using gradient-based methods like backpropagation. By iteratively refining these weights, the network improves its ability to accurately predict outcomes, thereby enhancing predictive accuracy.","[""Neural networks are typically trained through empirical risk minimization. This method is based on the idea of optimizing the network's parameters to minimize the difference, or empirical risk, between the predicted output and the actual target values in a given dataset. Gradient-based methods such as backpropagation are usually used to estimate the parameters of the network."",""The behavior of the network depends on the strengths (or weights) of the connections between neurons. A network is trained by modifying these weights through empirical risk minimization or backpropagation in order to fit some preexisting dataset. The term deep neural network refers to neural networks that have more than three layers, typically including at least two hidden layers in addition to the input and output layers."",""Typically, neurons are aggregated into layers. Different layers may perform different transformations on their inputs. A network is typically called a deep neural network if it has at least two hidden layers."",""A neural network is a group of interconnected units called neurons that send signals to one another. Neurons can be either biological cells or signal pathways. While individual neurons are simple, many of them together in a network can perform complex tasks.""]",,,,,"{""evolutions"":[""Reasoning""],""synthetic_input_quality"":1}",
cmgcvdr9y0ds5ln0gie9nf3ld,How does supervised learning utilize paired inputs and outputs to optimize predictive accuracy over time?,,"Supervised learning utilizes paired inputs and outputs by training algorithms on a dataset where each input is associated with a desired output. Through iterative optimization of an objective function, the algorithm learns to predict the output for new inputs by minimizing errors in its predictions. This process involves continuous feedback, allowing the algorithm to improve its accuracy over time as it adjusts its mathematical model based on the training data.","[""Through iterative optimisation of an objective function, supervised learning algorithms learn a function that can be used to predict the output associated with new inputs. An optimal function allows the algorithm to correctly determine the output for inputs that were not a part of the training data. An algorithm that improves the accuracy of its outputs or predictions over time is said to have learned to perform that task."",""Supervised learning uses a set of paired inputs and desired outputs. The learning task is to produce the desired output for each input. In this case, the cost function is related to eliminating incorrect deductions."",""Supervised learning algorithms build a mathematical model of a set of data that contains both the inputs and the desired outputs. The data, known as training data, consists of a set of training examples. Each training example has one or more inputs and the desired output, also known as a supervisory signal."",""Supervised learning is also applicable to sequential data (e. g. , for handwriting, speech and gesture recognition)."",""This can be thought of as learning with a \""teacher\"", in the form of a function that provides continuous feedback on the quality of solutions obtained thus far. In unsupervised learning, input data is given along with the cost function, some function of the data x {\\displaystyle extstyle x} and the network's output.""]",,,,,"{""evolutions"":[""Reasoning""],""synthetic_input_quality"":1}",
cmgcvdr9z0dscln0g0tmll21d,How do biological and neural substrates in behavioral neuroscience explain human and animal behaviors?,,"Biological and neural substrates in behavioral neuroscience explain human and animal behaviors by examining the physiological, genetic, and developmental mechanisms that underlie these behaviors. Researchers study neuroanatomical structures, neurotransmitter systems, hormonal influences, and the effects of environmental and genetic factors. By using techniques such as neuroimaging and electrophysiology, scientists can identify how specific neural circuits are involved in cognitive functions and emotional responses, allowing for a deeper understanding of the biological bases of behavior across species.","[""Present-day research in behavioral neuroscience studies all biological variables which act through the nervous system and relate to behavior. In many cases, humans may serve as experimental subjects in behavioral neuroscience experiments; however, a great deal of the experimental literature in behavioral neuroscience comes from the study of non-human species, most frequently rats, mice, and monkeys. As a result, a critical assumption in behavioral neuroscience is that organisms share biological and behavioral similarities, enough to permit extrapolations across species."",""The related fields of neuroethology and neuropsychology address the question of how neural substrates underlie specific animal and human behaviors. Neuroendocrinology and psychoneuroimmunology examine interactions between the nervous system and the endocrine and immune systems, respectively. Despite many advancements, the way that networks of neurons perform complex cognitive processes and behaviors is still poorly understood."",""Behavioral neuroscience, also known as biological psychology, biopsychology, or psychobiology, is part of the broad, interdisciplinary field of neuroscience, with its primary focus being on the biological and neural substrates underlying human experiences and behaviors, as in our psychology. Derived from an earlier field known as physiological psychology, behavioral neuroscience applies the principles of biology to study the physiological, genetic, and developmental mechanisms of behavior in humans and other animals. Behavioral neuroscientists examine the biological bases of behavior through research that involves neuroanatomical substrates, environmental and genetic factors, effects of lesions and electrical stimulation, developmental processes, recording electrical activity, neurotransmitters, hormonal influences, chemical components, and the effects of drugs."",""Cognitive neuroscience addresses the questions of how psychological functions are produced by neural circuitry. The emergence of powerful new measurement techniques such as neuroimaging (e. g."","", fMRI, PET, SPECT), EEG, MEG, electrophysiology, optogenetics and human genetic analysis combined with sophisticated experimental techniques from cognitive psychology allows neuroscientists and psychologists to address abstract questions such as how cognition and emotion are mapped to specific neural substrates. Although many studies hold a reductionist stance looking for the neurobiological basis of cognitive phenomena, recent research shows that there is an interplay between neuroscientific findings and conceptual research, soliciting and integrating both perspectives.""]",,,,,"{""evolutions"":[""Reasoning""],""synthetic_input_quality"":1}",
cmgcvdr9y0ds7ln0g30nzs6qe,How do artificial neural networks apply to diverse fields like predictive modeling and materials science?,,"Artificial neural networks (ANNs) are versatile tools used across various fields. In predictive modeling, they analyze complex data to make forecasts by learning from past experiences. In materials science, specifically, graph neural networks (GNNs) are employed to predict the total energy of crystals, aiding in the discovery of new stable materials. This interdisciplinary application showcases the adaptability of ANNs in solving complex problems in both artificial intelligence and scientific research.","[""It is possible to create a profile of a user's interests from pictures, using artificial neural networks trained for object recognition. Beyond their traditional applications, artificial neural networks are increasingly being utilized in interdisciplinary research, such as materials science. For instance, graph neural networks (GNNs) have demonstrated their capability in scaling deep learning for the discovery of new stable materials by efficiently predicting the total energy of crystals."",""The term deep neural network refers to neural networks that have more than three layers, typically including at least two hidden layers in addition to the input and output layers. Neural networks are used to solve problems in artificial intelligence, and have thereby found applications in many disciplines, including predictive modeling, adaptive control, facial recognition, handwriting recognition, general game playing, and generative AI. The theoretical base for contemporary neural networks was independently proposed by Alexander Bain in 1873 and William James in 1890."",""A network is typically called a deep neural network if it has at least two hidden layers. Artificial neural networks are used for various tasks, including predictive modeling, adaptive control, and solving problems in artificial intelligence. They can learn from experience, and can derive conclusions from a complex and seemingly unrelated set of information."",""In machine learning, an artificial neural network is a mathematical model used to approximate nonlinear functions. Artificial neural networks are used to solve artificial intelligence problems. In the context of biology, a neural network is a population of biological neurons chemically connected to each other by synapses.""]",,,,,"{""evolutions"":[""Reasoning""],""synthetic_input_quality"":1}",
cmgcvdr9y0ds8ln0gf7oqlr3d,How do software agents maximize cumulative rewards through actions in dynamic environments like games?,,"Software agents maximize cumulative rewards in dynamic environments, such as games, by taking a series of actions and receiving feedback from the environment. This feedback, which resembles rewards, guides the agent in adjusting its strategy to minimize long-term costs. By employing reinforcement learning techniques, the agent learns to devise a policy that optimizes its actions based on the unpredictable responses it encounters, ultimately aiming to achieve the highest cumulative reward.","[""Reinforcement learning is an area of machine learning concerned with how software agents ought to take actions in an environment so as to maximise some notion of cumulative reward. Due to its generality, the field is studied in many other disciplines, such as game theory, control theory, operations research, information theory, simulation-based optimisation, multi-agent systems, swarm intelligence, statistics and genetic algorithms. In reinforcement learning, the environment is typically represented as a Markov decision process (MDP)."",""In applications such as playing video games, an actor takes a string of actions, receiving a generally unpredictable response from the environment after each one. The goal is to win the game, i. e."","", generate the most positive (lowest cost) responses. In reinforcement learning, the aim is to weight the network (devise a policy) to perform actions that minimize long-term (expected cumulative) cost. Reinforcement learning: A computer program interacts with a dynamic environment in which it must perform a certain goal (such as driving a vehicle or playing a game against an opponent)."",""As it navigates its problem space, the program is provided feedback that's analogous to rewards, which it tries to maximise. Although each algorithm has advantages and limitations, no single algorithm works for all problems. ANNs serve as the learning component in such applications."",""Dynamic programming coupled with ANNs (giving neurodynamic programming) has been applied to problems such as those involved in vehicle routing, video games, natural resource management and medicine because of ANNs ability to mitigate losses of accuracy even when reducing the discretization grid density for numerically approximating the solution of control problems. Tasks that fall within the paradigm of reinforcement learning are control problems, games and other sequential decision making tasks.""]",,,,,"{""evolutions"":[""Reasoning""],""synthetic_input_quality"":1}",
cmgcvdr9y0ds9ln0gmjvvs72x,How do labeled data and feedback mechanisms in supervised learning contribute to feature extraction and prediction accuracy?,,"Labeled data in supervised learning provides a clear mapping between inputs and desired outputs, which is essential for effective feature extraction. This allows algorithms to learn relevant features that correlate with the outputs. Feedback mechanisms, akin to having a ""teacher,"" continuously guide the learning process by evaluating the quality of predictions and adjusting the model accordingly. This iterative optimization enhances prediction accuracy by refining the learned function to better generalize to new, unseen inputs.","[""Feature learning can be either supervised or unsupervised. In supervised feature learning, features are learned using labelled input data. Examples include artificial neural networks, multilayer perceptrons, and supervised dictionary learning."",""Supervised learning is also applicable to sequential data (e. g. , for handwriting, speech and gesture recognition)."",""This can be thought of as learning with a \""teacher\"", in the form of a function that provides continuous feedback on the quality of solutions obtained thus far. In unsupervised learning, input data is given along with the cost function, some function of the data x {\\displaystyle extstyle x} and the network's output. In the mathematical model, each training example is represented by an array or vector, sometimes called a feature vector, and the training data is represented by a matrix."",""Through iterative optimisation of an objective function, supervised learning algorithms learn a function that can be used to predict the output associated with new inputs. An optimal function allows the algorithm to correctly determine the output for inputs that were not a part of the training data. Supervised learning uses a set of paired inputs and desired outputs."",""The learning task is to produce the desired output for each input. In this case, the cost function is related to eliminating incorrect deductions.""]",,,,,"{""evolutions"":[""Reasoning""],""synthetic_input_quality"":1}",
cmgcvdr9z0dsaln0g9ehtiwv2,How does stochastic learning's introduction of noise influence local minima avoidance compared to batch learning?,,"Stochastic learning introduces ""noise"" by using the local gradient from individual data points, which helps prevent the network from getting stuck in local minima. In contrast, batch learning uses the average error from a batch, leading to a faster and more stable descent to a local minimum. This noise in stochastic learning allows for exploration of the error landscape, potentially finding better minima that batch learning might miss.","[""Stochastic learning introduces \""noise\"" into the process, using the local gradient calculated from one data point; this reduces the chance of the network getting stuck in local minima. However, batch learning typically yields a faster, more stable descent to a local minimum, since each update is performed in the direction of the batch's average error. A common compromise is to use \""mini-batches\"", small batches with samples in each batch selected stochastically from the entire data set."",""The signal each neuron outputs is calculated from this number, according to its activation function. The behavior of the network depends on the strengths (or weights) of the connections between neurons. A network is trained by modifying these weights through empirical risk minimization or backpropagation in order to fit some preexisting dataset."",""The \""signal\"" is a real number, and the output of each neuron is computed by some non-linear function of the totality of its inputs, called the activation function. The strength of the signal at each connection is determined by a weight, which adjusts during the learning process. Typically, neurons are aggregated into layers."",""In common ANN implementations, the signal at a connection between artificial neurons is a real number, and the output of each artificial neuron is computed by some non-linear function of the sum of its inputs. The connections between artificial neurons are called \""edges\"". Artificial neurons and edges typically have a weight that adjusts as learning proceeds.""]",,,,,"{""evolutions"":[""Reasoning""],""synthetic_input_quality"":1}",
cmgcvdr9z0dsbln0g82st52kp,How does Hebbian learning illustrate the relationship between neural interactions and the adaptability of neural networks?,,"Hebbian learning illustrates the relationship between neural interactions and the adaptability of neural networks by proposing that synapses strengthen when signals travel along them. This mechanism reflects how biological neural networks adapt over time, allowing artificial neural networks to learn and change based on their experiences, similar to human cognitive processes.","[""The synonym self-teaching computers was also used in this time period. The earliest machine learning program was introduced in the 1950s when Arthur Samuel invented a computer program that calculated the winning chance in checkers for each side, but the history of machine learning roots back to decades of human desire and effort to study human cognitive processes. In 1949, Canadian psychologist Donald Hebb published the book The Organization of Behavior, in which he introduced a theoretical neural structure formed by certain interactions among nerve cells."",""One approach focused on biological processes while the other focused on the application of neural networks to artificial intelligence. In the late 1940s, D. O."",""Hebb proposed a learning hypothesis based on the mechanism of neural plasticity that became known as Hebbian learning. It was used in many early neural networks, such as Rosenblatt's perceptron and the Hopfield network. Both posited that human thought emerged from interactions among large numbers of neurons inside the brain."",""In 1949, Donald Hebb described Hebbian learning, the idea that neural networks can change and learn over time by strengthening a synapse every time a signal travels along it. Artificial neural networks were originally used to model biological neural networks starting in the 1930s under the approach of connectionism.""]",,,,,"{""evolutions"":[""Reasoning""],""synthetic_input_quality"":1}",
cmgcvdr9z0dslln0g2d1h6993,What multi-faceted data considerations must be addressed for machine learning models to ensure accurate predictions?,,"To ensure accurate predictions in machine learning models, several multi-faceted data considerations must be addressed:

1. **Data Quantity and Quality**: A large and representative sample of reliable data is essential for training effective models.

2. **Data Variety**: The training dataset should encompass diverse types of data, such as text, images, sensor data, and user-generated data, to capture different aspects of the problem.

3. **Concept Drift**: It's crucial to monitor for changes in the statistical properties of input data over time, as concept drift can lead to reduced predictive accuracy and biased decisions.

4. **Model Training Parameters**: Properly setting parameters like the number of hidden layer units, learning rate, and number of iterations during training is vital for model performance.

By addressing these considerations, machine learning engineers can enhance the reliability and accuracy of their models.","[""Typically, machine learning models require a high quantity of reliable data to perform accurate predictions. When training a machine learning model, machine learning engineers need to target and collect a large and representative sample of data. Data from the training set can be as varied as a corpus of text, a collection of images, sensor data, and data collected from individual users of a service."",""The Python code snippet provides an overview of the training function, which uses the training dataset, number of hidden layer units, learning rate, and number of iterations as parameters: When neural networks are deployed in real-world applications, the statistical properties of the input data may change over time, a phenomenon known as concept drift or non-stationarity. Drift can reduce predictive accuracy and lead to unreliable or biased decisions if it is not detected and corrected. In practice, this means that the modelâ€™s accuracy in deployment may differ substantially from the levels observed during training or cross-validation."",""In machine learning, a neural network is an artificial mathematical model used to approximate nonlinear functions. While early artificial neural networks were physical machines, today they are almost always implemented in software. The \""signal\"" input to each neuron is a number, specifically a linear combination of the outputs of the connected neurons in the previous layer."",""In machine learning, a neural network (also artificial neural network or neural net, abbreviated ANN or NN) is a computational model inspired by the structure and functions of biological neural networks. A neural network consists of connected units or nodes called artificial neurons, which loosely model the neurons in the brain. Artificial neuron models that mimic biological neurons more closely have also been recently investigated and shown to significantly improve performance.""]",,,,,"{""evolutions"":[""Reasoning""],""synthetic_input_quality"":1}",
cmgcvdr9z0dsmln0gdt28ht2m,How do the structural and functional distinctions between biological and artificial neural networks influence their learning capabilities?,,"The structural and functional distinctions between biological and artificial neural networks significantly influence their learning capabilities. Biological neural networks are complex physical structures composed of interconnected nerve cells, allowing for rich, adaptive learning through synaptic plasticity. In contrast, artificial neural networks (ANNs) are mathematical models that approximate nonlinear functions, relying on algorithms to adjust weights and biases during training.

While ANNs can efficiently process and learn from data, they often lack the nuanced adaptability of biological networks. Recent advancements in explainability and attention mechanisms in AI have improved our understanding of how ANNs learn, but they still do not fully replicate the intricate learning processes of biological systems. Overall, the differences in structure and function lead to varying degrees of flexibility, adaptability, and performance in learning tasks.","[""It has been argued that an intelligent machine is one that learns a representation that disentangles the underlying factors of variation that explain the observed data. Feature learning is motivated by the fact that machine learning tasks such as classification often require input that is mathematically and computationally convenient to process. However, real-world data such as images, video, and sensory data has not yielded attempts to algorithmically define specific features."",""Although it is true that analyzing what has been learned by an artificial neural network is difficult, it is much easier to do so than to analyze what has been learned by a biological neural network. Moreover, recent emphasis on the explainability of AI has contributed towards the development of methods, notably those based on attention mechanisms, for visualizing and explaining learned neural networks. Furthermore, researchers involved in exploring learning algorithms for neural networks are gradually uncovering generic principles that allow a learning machine to be successful."",""In neuroscience, a biological neural network is a physical structure found in brains and complex nervous systems - a population of nerve cells connected by synapses. In machine learning, an artificial neural network is a mathematical model used to approximate nonlinear functions. Artificial neural networks are used to solve artificial intelligence problems."",""In machine learning, a neural network (also artificial neural network or neural net, abbreviated ANN or NN) is a computational model inspired by the structure and functions of biological neural networks. A neural network consists of connected units or nodes called artificial neurons, which loosely model the neurons in the brain. Artificial neuron models that mimic biological neurons more closely have also been recently investigated and shown to significantly improve performance.""]",,,,,"{""evolutions"":[""Reasoning""],""synthetic_input_quality"":1}",
cmgcvdr9z0dsnln0g2dgh03e9,How do neurons utilize electrochemical signals and neurotransmitters to process and transmit information?,,"Neurons utilize electrochemical signals, specifically action potentials, to process and transmit information. They receive inputs through dendrites, which are specialized neurites, and generate action potentials that travel along axons to communicate with other neurons. Neurotransmitters are released at synapses, facilitating the transmission of signals between neurons. This process allows neurons to either amplify (excitatory role) or suppress (inhibitory role) the signals they receive, effectively processing information within the neural network.","[""Questions addressed in cellular neuroscience include the mechanisms of how neurons process signals physiologically and electrochemically. These questions include how signals are processed by neurites and somas and how neurotransmitters and electrical signals are used to process information in a neuron. Neurites are thin extensions from a neuronal cell body, consisting of dendrites (specialized to receive synaptic inputs from other neurons) and axons (specialized to conduct nerve impulses called action potentials)."",""A given neuron can be connected to hundreds of thousands of synapses. Each neuron sends and receives electrochemical signals called action potentials to its connected neighbors. A neuron can serve an excitatory role, amplifying and propagating signals it receives, or an inhibitory role, suppressing signals instead."",""These are connected by edges, which model the synapses in the brain. Each artificial neuron receives signals from connected neurons, then processes them and sends a signal to other connected neurons. The \""signal\"" is a real number, and the output of each neuron is computed by some non-linear function of the totality of its inputs, called the activation function."",""The \""signal\"" input to each neuron is a number, specifically a linear combination of the outputs of the connected neurons in the previous layer. The signal each neuron outputs is calculated from this number, according to its activation function. The behavior of the network depends on the strengths (or weights) of the connections between neurons.""]",,,,,"{""evolutions"":[""Reasoning""],""synthetic_input_quality"":1}",
cmgcvdr9z0dsoln0gangplsk8,How do machine learning's statistical algorithms enhance AI capabilities across various applications?,,"Machine learning's statistical algorithms enhance AI capabilities by enabling systems to learn from data and generalize to new, unseen situations without explicit instructions. This adaptability allows for improved performance in diverse applications such as natural language processing, computer vision, and speech recognition. By utilizing learning paradigms like supervised and unsupervised learning, these algorithms can identify patterns, make predictions, and optimize tasks across various fields, ultimately leading to more intelligent and efficient AI systems.","[""Machine learning (ML) is a field of study in artificial intelligence concerned with the development and study of statistical algorithms that can learn from data and generalise to unseen data, and thus perform tasks without explicit instructions. Within a subdiscipline in machine learning, advances in the field of deep learning have allowed neural networks, a class of statistical algorithms, to surpass many previous machine learning approaches in performance. ML finds application in many fields, including natural language processing, computer vision, speech recognition, email filtering, agriculture, and medicine."",""Machine learning is commonly separated into three main learning paradigms, supervised learning, unsupervised learning and reinforcement learning. Each corresponds to a particular learning task. Supervised learning uses a set of paired inputs and desired outputs."",""Machine learning approaches are traditionally divided into three broad categories, which correspond to learning paradigms, depending on the nature of the \""signal\"" or \""feedback\"" available to the learning system: Supervised learning: The computer is presented with example inputs and their desired outputs, given by a \""teacher\"", and the goal is to learn a general rule that maps inputs to outputs. Unsupervised learning: No labels are given to the learning algorithm, leaving it on its own to find structure in its input. Unsupervised learning can be a goal in itself (discovering hidden patterns in data) or a means towards an end (feature learning)."",""Supervised learning is also applicable to sequential data (e. g. , for handwriting, speech and gesture recognition)."",""This can be thought of as learning with a \""teacher\"", in the form of a function that provides continuous feedback on the quality of solutions obtained thus far. In unsupervised learning, input data is given along with the cost function, some function of the data x {\\displaystyle extstyle x} and the network's output.""]",,,,,"{""evolutions"":[""Reasoning""],""synthetic_input_quality"":1}",